,follower,influencer,mention,score,t_id
0,31,erdmann_paul,1,31,614807708575907840
1,488,ashnextd00r,0,0,614807708575907840
2,29,ReyBee10,3,87,614807708575907840
3,72,ValenciaLyfe,1,72,614807708575907840
4,1013,theantifascist,0,0,614807708575907840
5,37,woody_barnes,1,37,614807708575907840
6,552,sugarRoyalty,0,0,614807708575907840
7,850,ErmisAntalis,0,0,614807708575907840
8,244,LorraineWales,1,244,614807708575907840
9,333,DarthSpader747,0,0,614807708575907840
10,78,kegansan,2,156,614807708575907840
11,596,MCPRfirm,1,596,614807708575907840
12,130,dswettjr,1,130,614807708575907840
13,16,immeena,1,16,614807708575907840
14,87,chely12339_mora,0,0,614807708575907840
15,238,mystery_nm,0,0,614807708575907840
16,44440,kanekos69,0,0,614807708575907840
17,160,fnytv,0,0,614807708575907840
18,230,djbrooksie76,1,230,614807708575907840
19,170,bevan_koopman,1,170,614807708575907840
20,17,hayls004,1,17,614807708575907840
21,449,QueenRaeChiefa,0,0,614807708575907840
22,2686,Iambepositive,0,0,614807708575907840
23,36,GhostMech,1,36,614807708575907840
24,21,Dirtysnurge,1,21,614807708575907840
25,1136,AfrikansUnite,0,0,614807708575907840
26,391,vickyram82,1,391,614807708575907840
27,403,Rebel_v_Machine,1,403,614807708575907840
28,155,48Ramrez,1,155,614807708575907840
29,99,scotswendigo,2,198,614807708575907840
30,4002,dwarfcraft,0,0,614807708575907840
31,534,redbeef,0,0,614807708575907840
32,674,USAjobs2015,0,0,614807708575907840
33,476,Hollowpointslug,0,0,614807708575907840
34,226,ChunksterBunny,0,0,614807708575907840
35,18,lollynco,1,18,614807708575907840
36,148,xoverr,1,148,614807708575907840
37,1017,adoreeadri,0,0,614807708575907840
38,237,voteproblack,0,0,614807708575907840
39,142,samanjj,3,426,614807708575907840
40,67,fishon914,1,67,614807708575907840
41,12870,SquingyUSG,1,12870,614807708575907840
42,43,jbrink2132,1,43,614807708575907840
43,11,CoaxumLamont,1,11,614807708575907840
44,858,hugoc3318,1,858,614807708575907840
45,1153,IainMac9,0,0,614807708575907840
46,482,shaunndogg,1,482,614807708575907840
47,141,BluTangKlan,0,0,614807708575907840
48,630,BillArtistGuy,1,630,614807708575907840
49,222,repunkamuy2,0,0,614807708575907840
50,873,BrendaSchory,0,0,614807708575907840
51,87,trabampoline,1,87,614807708575907840
52,27,littlexemilyj,1,27,614807708575907840
53,276,ColinInUrPocket,1,276,614807708575907840
54,120,Vickyran48,1,120,614807708575907840
55,195,pghcovert,0,0,614807708575907840
56,332,abardyn71,0,0,614807708575907840
57,276,DesertDandy,1,276,614807708575907840
58,657,knitchblack,0,0,614807708575907840
59,1078,RogueDynamo,0,0,614807708575907840
60,134,RussellSondheim,1,134,614807708575907840
61,99,pandemonium7,1,99,614807708575907840
62,51,jepiba27,1,51,614807708575907840
63,166,angburger27,1,166,614807708575907840
64,175,ErikKjelsrud,1,175,614807708575907840
65,54,Jon_Castellon15,1,54,614807708575907840
66,746,phendetta,0,0,614807708575907840
67,1099,_Missmovin0n,0,0,614807708575907840
68,296,Panther_Lotus,1,296,614807708575907840
69,431,Thai_Daishiki,1,431,614807708575907840
70,1108,E_Joyce,0,0,614807708575907840
71,785,inkonspicuo,0,0,614807708575907840
72,412,srstolz,0,0,614807708575907840
73,349,Tiredeyedspy,0,0,614807708575907840
74,47,1chesTinho,1,47,614807708575907840
75,270,jeffznikekb27,0,0,614807708575907840
76,2597,FABULOUSFRE34,0,0,614807708575907840
77,826,nikkicamcam,1,826,614807708575907840
78,80,johnlennoxad,1,80,614807708575907840
79,224,samra_bobby,1,224,614807708575907840
80,314,Wednesthey,1,314,614807708575907840
81,11,dvlprofakidsmnd,1,11,614807708575907840
82,682,BDExecutive,1,682,614807708575907840
83,688,UFOmar,0,0,614807708575907840
84,270,RingoBeatz,1,270,614807708575907840
85,3317,baileynutrition,0,0,614807708575907840
86,27,longbeachjorge,1,27,614807708575907840
87,21,tom_wieler,1,21,614807708575907840
88,125,c53da2dc5e86410,1,125,614807708575907840
89,81,montserrathr14,0,0,614807708575907840
90,955,res0xhdb2,0,0,614807708575907840
91,223,spartakus_x,0,0,614807708575907840
92,932,MJKellySmith,0,0,618798114825220097
93,2119,makehacklearn,0,0,618798114825220097
94,652,jenn976,0,0,618798114825220097
95,42,NA_Bridget,1,42,618798114825220097
96,50,thetotalgeorgie,1,50,618798114825220097
97,162,slcboston,1,162,618798114825220097
98,224,gregyouraverage,0,0,618798114825220097
99,1683,BevVincent,0,0,618798114825220097
100,57,bara_godzilla,1,57,618798114825220097
101,976,richardadalton,0,0,618798114825220097
102,20,cetacean_needed,1,20,618798114825220097
103,3163,FearsomeCritter,0,0,618798114825220097
104,39,nineohtoo,1,39,618798114825220097
105,735,tadywankenobi,1,735,618798114825220097
106,674,nothingistrue,1,674,618798114825220097
107,35,oratoryrupture,1,35,618798114825220097
108,31,asmith1024,1,31,618798114825220097
109,264,robsog,1,264,618798114825220097
110,87,miss_erychick,1,87,618798114825220097
111,1204,DLitz,1,1204,618798114825220097
112,664,axfelix,0,0,618798114825220097
113,77,CorwinB87,1,77,618798114825220097
114,222,midgetsaregems,1,222,618798114825220097
115,16,ldalia2082,9,144,618798114825220097
116,203,AwesomeRob,0,0,618798114825220097
117,273,BonnieMcKernan,1,273,618798114825220097
118,966,bonapart100,0,0,618798114825220097
119,2741,PnubK1,0,0,618798114825220097
120,487,frigging_riffin,0,0,618798114825220097
121,30,topazirradiated,1,30,618798114825220097
122,388,LaReyneDEpee,0,0,618798114825220097
123,133,_beid,1,133,618798114825220097
124,87,philpee2,1,87,618798114825220097
125,636,butte_tocks,0,0,618798114825220097
126,215,dnwyourpity,1,215,618798114825220097
127,12,Bettanee,1,12,618798114825220097
128,455,timparenti,0,0,618798114825220097
129,786,IAMDlSGUSTED,0,0,618798114825220097
130,287,frazzleddad,1,287,618798114825220097
131,848,mvargasgarro,0,0,618798114825220097
132,107,EskimoNathan,1,107,618798114825220097
133,283,keithjgrant,1,283,618798114825220097
134,247,KuddlyKalli,0,0,618798114825220097
135,8,steviemicks,3,24,618798114825220097
136,435,atrumbled,1,435,618798114825220097
137,590,ryuserabii,0,0,618798114825220097
138,124,AntPoussa,1,124,618798114825220097
139,159,T_Tauri,1,159,618798114825220097
140,2711,GurrdyGirl,1,2711,618798114825220097
141,219,pronoiac,1,219,618798114825220097
142,331,DaveyDavidsonNC,1,331,618798114825220097
143,29,jasminific,1,29,618798114825220097
144,147,HannahChapter1,0,0,618798114825220097
145,137,DelaneyRogers,1,137,618798114825220097
146,251,qxam,1,251,618798114825220097
147,319,aMEOWnda31,1,319,618798114825220097
148,350,wreckling,1,350,618798114825220097
149,199,tygenco,1,199,618798114825220097
150,243,jdborneman,0,0,618798114825220097
151,447,ldpyes,5,2235,618798114825220097
152,216,merdesigner,1,216,618798114825220097
153,35,remuslupoopin,0,0,618798114825220097
154,98,jasonshamblin,1,98,618798114825220097
155,243,salkin,0,0,618798114825220097
156,18,JohnnyImbecile,1,18,618798114825220097
157,107,DislikeXDislike,1,107,618798114825220097
158,35,marcustyphoon,1,35,618798114825220097
159,77,lihovvons,0,0,618798114825220097
160,238,rileyo,0,0,618798114825220097
161,318,swartable,1,318,618798114825220097
162,600,sooyoung2015_,0,0,618798114825220097
163,1266,Samuraiko,0,0,618798114825220097
164,231,aayemurphy,1,231,618798114825220097
165,303,Laiqalasse,0,0,618798114825220097
166,544,irafcummings,1,544,618798114825220097
167,717,YukiMizuno,0,0,618798114825220097
168,426,Jennyvendiagram,0,0,618798114825220097
169,231,_Ivy___,1,231,618798114825220097
170,673,MJIBrown,0,0,618798114825220097
171,27,johndcoates,1,27,618798114825220097
172,288,sam_jeffress,1,288,618798114825220097
173,373,MyzLilith,0,0,618798114825220097
174,59,j_d_king,1,59,618798114825220097
175,20748,minxieXCX,0,0,618798114825220097
176,4021,coopesdetat,0,0,618798114825220097
177,144,rayboukara,1,144,618798114825220097
178,245,duckevara,0,0,618798114825220097
179,214,MsJorable,0,0,618798114825220097
180,61,ChickenscratchJ,1,61,618798114825220097
181,590,SamBJoyce,0,0,618798114825220097
182,60,hans_olol,1,60,618798114825220097
183,1561,sp_aace,0,0,618798114825220097
184,137,tristanbcampbel,1,137,618798114825220097
185,188,Owordson,2,376,617840986006401024
186,186,stupidchicken,0,0,617840986006401024
187,285,SkeletonSiro,0,0,617840986006401024
188,403,ninamirage,0,0,617840986006401024
189,218,couwy,1,218,617840986006401024
190,276,RylieL11,1,276,617840986006401024
191,194,SeanRelph,1,194,617840986006401024
192,69,aeridani,0,0,617840986006401024
193,279,Sexyman469,0,0,617840986006401024
194,1307,ofgeography,0,0,617840986006401024
195,372,sarisea,0,0,617840986006401024
196,106,vunviv,1,106,617840986006401024
197,386,torigates,0,0,617840986006401024
198,297,wickedchicken,1,297,617840986006401024
199,521,dunndunndunn,0,0,617840986006401024
200,344,MicoIash,0,0,617840986006401024
201,468,bleh,0,0,617840986006401024
202,2028,brooksduncan,1,2028,617840986006401024
203,2659,Soulphire,0,0,617840986006401024
204,206,wunderkind87,0,0,617840986006401024
205,1217,AndreiStrizek,0,0,617840986006401024
206,153,brenwilkesbooth,1,153,617840986006401024
207,1096,runnerswit,1,1096,617840986006401024
208,211,TomatoGrandpa,0,0,617840986006401024
209,1301,pcosdeaf,1,1301,617840986006401024
210,179,AbsqueNoceo,1,179,617840986006401024
211,284,katatsumuri1207,2,568,617840986006401024
212,151,clefabless,1,151,617840986006401024
213,356,lindseydawn_,0,0,617840986006401024
214,874,SteampunkMuppet,0,0,617840986006401024
215,100,cmsones,1,100,617840986006401024
216,139,whatarefrogz,0,0,617840986006401024
217,103,lookoutcoffee,1,103,617840986006401024
218,326,SeanBryant,1,326,617840986006401024
219,294,lcsyobrn,1,294,617840986006401024
220,633,ItsMEdawgBrah,1,633,617840986006401024
221,59,DOrtynsky,1,59,617840986006401024
222,125,Awkwardjokester,1,125,617840986006401024
223,338,elizabethlenz,1,338,617840986006401024
224,488,ClayLaSoul,0,0,617840986006401024
225,48,jlizethmiron,2,96,617840986006401024
226,223,ktnb,1,223,617840986006401024
227,542,Jon_Salm,11,5962,617840986006401024
228,275,ilovelusi,0,0,617840986006401024
229,405,FuckYeasher,0,0,617840986006401024
230,50,FirstJeffem,1,50,617840986006401024
231,384,jofum,1,384,617840986006401024
232,83,vivacissima,0,0,617840986006401024
233,74,JonOrbell,1,74,617840986006401024
234,3045,MichaelJobsChen,1,3045,617840986006401024
235,195,freeallison_,1,195,617840986006401024
236,360,BirkesNowitzki,1,360,617840986006401024
237,561,luapula,0,0,617840986006401024
238,70,smashlei,1,70,617840986006401024
239,20,NickRWest1815,1,20,617840986006401024
240,343,frickashley,0,0,617840986006401024
241,116,DanceYrslfCleen,1,116,617840986006401024
242,6499,nikitaetmode,0,0,617840986006401024
243,3,theechoedsun,1,3,617840986006401024
244,404,BornOnAFunyun,0,0,617840986006401024
245,19643,bluechoochoo,1,19643,617840986006401024
246,185,GonSmithe,1,185,617840986006401024
247,857,A_tiz18,0,0,617840986006401024
248,125,barrosgui,1,125,617840986006401024
249,383,kellykwolfe,1,383,617840986006401024
250,551,Rube_Goldberg,1,551,617840986006401024
251,130,DJPrincessK,1,130,617840986006401024
252,574,haha_hannahh,0,0,617840986006401024
253,1462,evan_cudworth,1,1462,617840986006401024
254,9041,deanna,4,36164,617840986006401024
255,480,hheyitsmonica,0,0,617840986006401024
256,335,ashliedecarlo,1,335,617840986006401024
257,470,LunchJournals,0,0,617840986006401024
258,35,cskiles,1,35,617840986006401024
259,649,startstorms,1,649,617840986006401024
260,563,KevinInChains,0,0,617840986006401024
261,670,AndrewDavidGold,9,6030,617840986006401024
262,3922,pwthornton,0,0,617840986006401024
263,1180,BartimusPrime19,0,0,617840986006401024
264,3642,NoahMallin,1,3642,617840986006401024
265,285,TheLoneWoman,0,0,617840986006401024
266,2214,ranjanxroy,2,4428,617840986006401024
267,138,heylookjorge,1,138,617840986006401024
268,156,larson8er,0,0,617840986006401024
269,9114,TwittsMcGee,1,9114,617840986006401024
270,1106,0x0961h,0,0,622509999277871104
271,3297,myphronesis,1,3297,622509999277871104
272,186,alygtweets,1,186,622509999277871104
273,219,qtrng,0,0,622509999277871104
274,31,ShakespeareMonk,1,31,622509999277871104
275,253,onlyonecell,1,253,622509999277871104
276,588,pushingit,0,0,622509999277871104
277,100,Puffigt,1,100,622509999277871104
278,91,ChrisShaver64,2,182,622509999277871104
279,4147,ThatAndromeda,0,0,622509999277871104
280,322,shoemaker,1,322,622509999277871104
281,348,JGM_io,1,348,622509999277871104
282,889,syltegeek,1,889,622509999277871104
283,412,ElArteDePerder,1,412,622509999277871104
284,305,mcuellar,1,305,622509999277871104
285,329,htannenbaum,1,329,622509999277871104
286,365,ZaWarudad,0,0,622509999277871104
287,180,xactoeric,1,180,622509999277871104
288,171,roger_sutcliffe,1,171,622509999277871104
289,309,loganb,1,309,622509999277871104
290,242,Lucas_Rotondo,1,242,622509999277871104
291,11,VarKhalin,0,0,622509999277871104
292,1117,kelegraph,1,1117,622509999277871104
293,123,FredricGus,1,123,622509999277871104
294,465,dsaff,1,465,622509999277871104
295,187,stupidchicken,0,0,622509999277871104
296,213,sturmhaus,1,213,622509999277871104
297,2373,HoolieG,1,2373,622509999277871104
298,3051,TeriBoron,1,3051,622509999277871104
299,333,Dostoy1024,0,0,622509999277871104
300,483,Joe_Stanley,1,483,622509999277871104
301,34,PeterACoetzee,1,34,622509999277871104
302,374,KlausGaming,1,374,622509999277871104
303,599,donhurtado,0,0,622509999277871104
304,35,ashishvsawant,1,35,622509999277871104
305,23,mariaclen,1,23,622509999277871104
306,1225,mryap,1,1225,622509999277871104
307,302,jorgepalacios01,1,302,622509999277871104
308,615,MichelleMckM,1,615,622509999277871104
309,13,laurentpg,1,13,622509999277871104
310,1515,favoritesongisU,0,0,622509999277871104
311,600,floatingatoll,0,0,622509999277871104
312,144714,Film2240,0,0,622509999277871104
313,3235,stephanfaris,1,3235,622509999277871104
314,96,vernacularHam,1,96,622509999277871104
315,171,declansupermega,0,0,622509999277871104
316,80,iRajiv,1,80,622509999277871104
317,84,c_ogburn,1,84,622509999277871104
318,839,Basic_Chunnel,0,0,622509999277871104
319,407,txellidixit,0,0,622509999277871104
320,3283,beaterast,1,3283,622509999277871104
321,306,tdaxp,1,306,622509999277871104
322,142,scottnovis,1,142,622509999277871104
323,963,martynwendell,0,0,622509999277871104
324,143,909LetsBeuk,1,143,622509999277871104
325,3438,TheGreatSociety,0,0,622509999277871104
326,136,Pampelmoosy,1,136,622509999277871104
327,284,fietske,1,284,622509999277871104
328,212,pasajeros,1,212,622509999277871104
329,197,eamaya,1,197,622509999277871104
330,7,Donna_SPark,1,7,622509999277871104
331,56233,matthewherper,0,0,622509999277871104
332,600,SnugglePolish,1,600,622509999277871104
333,155,RRamirezMorales,1,155,622509999277871104
334,127,DoniGratton,1,127,622509999277871104
335,125,steuard,1,125,622509999277871104
336,270,OliverSenton,1,270,622509999277871104
337,58,maherbeg,1,58,622509999277871104
338,9277,kirstinbutler,1,9277,622509999277871104
339,237,SofaKingJewish,1,237,622509999277871104
340,2923,Tipsycaek,0,0,622509999277871104
341,877,rahulgchaudhary,1,877,622509999277871104
342,250,petergowen,0,0,622509999277871104
343,25,lastsys,1,25,622509999277871104
344,304,Rhys_Needham,0,0,622509999277871104
345,383,chrishannah,1,383,622509999277871104
346,860,shunt53,1,860,622509999277871104
347,66,udaykalb,1,66,622509999277871104
348,489,MuskieMcKay,1,489,622509999277871104
349,1180,Jayextee,0,0,622509999277871104
350,3218,michaelpryor,1,3218,622509999277871104
351,1464,LOVEnver_fails,0,0,622509999277871104
352,75,Laurens_Bouton,1,75,622509999277871104
353,224,fraggletastic,1,224,622509999277871104
354,247,dhekke,2,494,622509999277871104
355,176788,saddington,1,176788,622509999277871104
356,27,AnnaNyset,1,27,622509999277871104
357,796,mattbaker,1,796,622509999277871104
358,216,vassilevsky,1,216,622509999277871104
359,109,bolognabrony,1,109,619928034959880192
360,6186,TooTurntNelly,0,0,619928034959880192
361,129,lxurynifill,1,129,619928034959880192
362,305,LLCOOLJAKOB,1,305,619928034959880192
363,1009,SpencerBLUR,1,1009,619928034959880192
364,327,uhlecsiz,0,0,619928034959880192
365,1199,aquafairy_ze,0,0,619928034959880192
366,793,xcxposed,1,793,619928034959880192
367,220,goddessmatangl,0,0,619928034959880192
368,82,MyLittlePr0ny,1,82,619928034959880192
369,203,bequarius,5,1015,619928034959880192
370,170,jorgexgranados,1,170,619928034959880192
371,525,Ish_______,0,0,619928034959880192
372,277,dadhoppus,1,277,619928034959880192
373,118,TheNastiestGal,1,118,619928034959880192
374,126,Leedlelee08,0,0,619928034959880192
375,345,joeyspiers_,0,0,619928034959880192
376,2101,popcornzaynie,0,0,619928034959880192
377,801,YoBoyCarlos,0,0,619928034959880192
378,1110,tyacohrd,0,0,619928034959880192
379,704,cherishonIine,0,0,619928034959880192
380,366,_j_ane,1,366,619928034959880192
381,676,asstrologyalien,0,0,619928034959880192
382,447,brizeemode,0,0,619928034959880192
383,29889,spermaidss,0,0,619928034959880192
384,2484,hekthot,1,2484,619928034959880192
385,2242,OrlandOfficiale,0,0,619928034959880192
386,294,princesticide,0,0,619928034959880192
387,336,xGagasiPhonex,0,0,619928034959880192
388,2814,louismalaks,0,0,619928034959880192
389,2167,LIPSTICKEMOJI,0,0,619928034959880192
390,274,piercetheryl,0,0,619928034959880192
391,2567,tylerrjosepj,0,0,619928034959880192
392,772,tuscanleathr,0,0,619928034959880192
393,3893,laurmaniologist,0,0,619928034959880192
394,911,MattTheHero,1,911,619928034959880192
395,274,AMVNN,0,0,619928034959880192
396,596,savsswagpussy69,0,0,619928034959880192
397,126,thanksxpete,1,126,619928034959880192
398,684,Pepperoniichan,0,0,619928034959880192
399,26707,xExtoni,0,0,619928034959880192
400,326,fagmob,0,0,619928034959880192
401,363,BlGDIRTY,0,0,619928034959880192
402,46,guyfieribrasil,1,46,619928034959880192
403,1849,MlNSYOONGl,0,0,619928034959880192
404,464,lilaaron911,1,464,619928034959880192
405,6279,isawdeminaked,0,0,619928034959880192
406,1197,zaynzky,0,0,619928034959880192
407,1339,TOLIVANDLETGO,0,0,619928034959880192
408,222,Iadisputeband,1,222,619928034959880192
409,3429,vaginarry_,0,0,619928034959880192
410,14852,chawkletmami,0,0,619928034959880192
411,66,Lemonstrider,1,66,619928034959880192
412,827,RiosJose559,0,0,619928034959880192
413,551,HiMyNameIsID,0,0,619928034959880192
414,34,skylar_ebooks,0,0,619928034959880192
415,41,geothermalrays,1,41,619928034959880192
416,449,lmsifpizza,0,0,619928034959880192
417,6038,ivanvelli,0,0,619928034959880192
418,526,grandmatears,1,526,619928034959880192
419,508,Godlikeclariza,1,508,619928034959880192
420,584,emmefree,1,584,619928034959880192
421,867,FerragamoDurag,0,0,619928034959880192
422,102,PepperSpraying,0,0,619928034959880192
423,278,rdmozal,1,278,619928034959880192
424,317,geathhdripss,0,0,619928034959880192
425,123,Fvck_Marco,1,123,619928034959880192
426,357,LilaxSong,0,0,619928034959880192
427,1098,machineiero,0,0,619928034959880192
428,116,n1adra_lades,0,0,619928034959880192
429,903,frootybubblegum,0,0,619928034959880192
430,1107,PhilthePill,0,0,619928034959880192
431,717,WolfChains_,0,0,619928034959880192
432,2662,Darceyyyy,1,2662,619928034959880192
433,1364,AbysmiOs,0,0,619928034959880192
434,1105,ChnnyBrwn,0,0,619928034959880192
435,516,Pherebro,1,516,619928034959880192
436,3343,SOULTRlPPlN,0,0,619928034959880192
437,555,future_hearts,0,0,619928034959880192
438,804,officiaI_jaden,0,0,619928034959880192
439,434,jackassidi,0,0,619928034959880192
440,1654,ameezychild,0,0,619928034959880192
441,4458,delsIay,0,0,619928034959880192
442,939,feeIingmyoats,0,0,619928034959880192
443,355,heathcliffed,0,0,619928034959880192
444,242,roby_nne,1,242,619928034959880192
445,1290,homot0ny,0,0,619928034959880192
446,508,BlankWeeb,0,0,619928034959880192
447,458,justinholt33,0,0,619928034959880192
448,98,feminist_riot,1,98,616258951219273728
449,12228,isaacleep,201,2457828,616258951219273728
450,2125,katannsky2,0,0,616258951219273728
451,417,DevinGoldenberg,0,0,616258951219273728
452,249,madymich,0,0,616258951219273728
453,14012,natashalennard,34,476408,616258951219273728
454,63,infoconnoisseur,1,63,616258951219273728
455,278,JessicaTalks,22,6116,616258951219273728
456,677,E_SCRAAATCH,0,0,616258951219273728
457,2725,BmoreDoc,0,0,616258951219273728
458,3853,BeckyGMartinez,0,0,616258951219273728
459,541,JadeShamraeff,1,541,616258951219273728
460,2418,4DEEPkooFILMS,0,0,616258951219273728
461,2624,drjendwilliams,1,2624,616258951219273728
462,572,pizza4justice,0,0,616258951219273728
463,1995,Yejideee,0,0,616258951219273728
464,860,_plus_c,1,860,616258951219273728
465,59,Hustle7D,0,0,616258951219273728
466,10566,LastLizard808,1,10566,616258951219273728
467,403,WellsKathleen,0,0,616258951219273728
468,3096,fuegopazzo,1,3096,616258951219273728
469,58,DevasmitoD,2,116,616258951219273728
470,252,gabislike,1,252,616258951219273728
471,92,tateship,0,0,616258951219273728
472,712,YourKinfolkz,0,0,616258951219273728
473,400,StarPerry,1,400,616258951219273728
474,1952,BYHISGRACE64,0,0,616258951219273728
475,95,brittagogo,1,95,616258951219273728
476,4671,amirawashere,0,0,616258951219273728
477,50,eow29,1,50,616258951219273728
478,2021,uncjay1,0,0,616258951219273728
479,223,marleyvincentL,0,0,616258951219273728
480,2526,gypsythoughtss,0,0,616258951219273728
481,67,doorngal,2,134,616258951219273728
482,121,QTY_Treehouse,6,726,616258951219273728
483,4179,8s,0,0,616258951219273728
484,4130,TracyReneeJones,0,0,616258951219273728
485,411,ladycaucau,3,1233,616258951219273728
486,211,tosinrachelm,0,0,616258951219273728
487,689,CynthiaSParker,0,0,616258951219273728
488,4204,AsiaLeeds,0,0,616258951219273728
489,21168,YouGiveMeFever7,0,0,616258951219273728
490,536,yamyan,0,0,616258951219273728
491,45,DivTactic,0,0,616258951219273728
492,119,extrayordinaray,0,0,616258951219273728
493,631,alenisaac,0,0,616258951219273728
494,414,evapaterson,0,0,616258951219273728
495,665,YusufSWilson,2,1330,616258951219273728
496,342,_christinaxox_,0,0,616258951219273728
497,3427,supaSIGMA,0,0,616258951219273728
498,529,SPOOKYKEVlN,0,0,616258951219273728
499,375,designsofzuri,1,375,616258951219273728
500,1286,rdhillphx,0,0,616258951219273728
501,62,Landscape_23,1,62,616258951219273728
502,1514,astrojohnjohn,0,0,616258951219273728
503,863,Feminenz,1,863,616258951219273728
504,422,ovaettrbytes,0,0,616258951219273728
505,1789,chaedria,1,1789,616258951219273728
506,835,black_oneness,0,0,616258951219273728
507,896,Takingover4da99,0,0,616258951219273728
508,567,chipgoines,0,0,616258951219273728
509,934,nicolecata,1,934,616258951219273728
510,5,Nomorebodies,3,15,616258951219273728
511,345,Edwitnodreads,0,0,616258951219273728
512,103,graham_se,1,103,616258951219273728
513,437,_HeyLookItsAsh,1,437,616258951219273728
514,316,FatihaK951,1,316,616258951219273728
515,3039,MastaOfMp3s,0,0,616258951219273728
516,242,cranberrypom,0,0,616258951219273728
517,2989,lovyebennett,0,0,616258951219273728
518,730,fairyocarina,0,0,616258951219273728
519,2025,thcnewamericana,0,0,616258951219273728
520,51,carletonwalker,1,51,616258951219273728
521,186,Lovefool92,1,186,616258951219273728
522,1023,rustenburg_J,0,0,616258951219273728
523,919,ToolPackinMama,0,0,616258951219273728
524,632,ahab99,0,0,616258951219273728
525,330,gothicwiccann,0,0,616258951219273728
526,143,hubertroberts,1,143,616258951219273728
527,2813,NewsroomJake,1,2813,616258951219273728
528,5884,littl3oddling,0,0,616258951219273728
529,2129,mixed_race,0,0,616258951219273728
530,61,smilinisle,0,0,616258951219273728
531,651,pannocen,1,651,616258951219273728
532,895,WoodsonUVA,3,2685,616258951219273728
533,311,_ewnicole,0,0,616258951219273728
534,12306,Russian_Starr,0,0,616258951219273728
535,2780,UTZAAKE,0,0,616258951219273728
536,28,EvanPeacock91,1,28,616258951219273728
537,1561,ayhsWTP56,0,0,616258951219273728
538,209,seriouslysummer,1,209,616258951219273728
539,4750,Greeenguy111,0,0,616258951219273728
540,1752,DatNumbaPhive,0,0,616258951219273728
541,163,Laaren522,0,0,616258951219273728
542,3965,OMum22,0,0,616258951219273728
543,300,YousQueen,1,300,613948557859667968
544,1275,ProfessioNelli,0,0,613948557859667968
545,959,Mr_Enano17,1,959,613948557859667968
546,75,dianemcervantes,4,300,613948557859667968
547,243,IvankaOC,6,1458,613948557859667968
548,507,_sandyxo,1,507,613948557859667968
549,693,5QU4DSUPPORTER,0,0,613948557859667968
550,512,bartito2,1,512,613948557859667968
551,1358,EdgarICruz11,1,1358,613948557859667968
552,1582,Bakye_TW,0,0,613948557859667968
553,351,kingkron_760,0,0,613948557859667968
554,668,betty_ramos09,1,668,613948557859667968
555,3429,Ayeee_oz,0,0,613948557859667968
556,10457,hmendoza2012,0,0,613948557859667968
557,130,jerardgr,2,260,613948557859667968
558,1011,UberRadRudy,0,0,613948557859667968
559,229,rabigailstevens,1,229,613948557859667968
560,188,daniellebowers_,1,188,613948557859667968
561,50,genesisgdy,1,50,613948557859667968
562,1645,luisdiazmar,3,4935,613948557859667968
563,801,Crishely2008Cc,0,0,613948557859667968
564,54,tabogo63,0,0,613948557859667968
565,9,1996jagr,2,18,613948557859667968
566,138,eddiee_gee,1,138,613948557859667968
567,380,Vytenis14,43,16340,613948557859667968
568,104,nazzo01,12,1248,613948557859667968
569,177,CarVall,1,177,613948557859667968
570,22,teo_markz,1,22,613948557859667968
571,310,Kiyimoii,5,1550,613948557859667968
572,191,midiosdado,1,191,613948557859667968
573,454,anaraquelfe,9,4086,613948557859667968
574,1086,crishely2008,2,2172,613948557859667968
575,145,Sarah5H,0,0,613948557859667968
576,71,Astroboy_Tx,1,71,613948557859667968
577,178,AliaRico,1,178,613948557859667968
578,216,daliavrocha,0,0,613948557859667968
579,25,Angelmengo,2,50,613948557859667968
580,918,dacolon,3,2754,613948557859667968
581,1418,Brave0010,0,0,613948557859667968
582,10,biker313,7,70,613948557859667968
583,492,MsTymeesa,1,492,613948557859667968
584,4463,marysaints,50,223150,613948557859667968
585,462,ValentinaDaelli,1,462,613948557859667968
586,1008,markcsoup,1,1008,613948557859667968
587,95,ma5t3r1984,3,285,613948557859667968
588,96,nayelilandia,1,96,613948557859667968
589,302,OcejoJose,2,604,613948557859667968
590,1681,Luisrosaless,3,5043,613948557859667968
591,626,probIematicfave,0,0,613948557859667968
592,132,xPurepecha,1,132,613948557859667968
593,135,ohyouchristians,28,3780,613948557859667968
594,77,dimewill,1,77,613948557859667968
595,55,isabelbirds,7,385,613948557859667968
596,996,AnnaMSterling,30,29880,613948557859667968
597,13,RussellaBrand,1,13,613948557859667968
598,17,Patyjara,1,17,613948557859667968
599,396,ArtimusGG,2,792,613948557859667968
600,655,olivared,0,0,613948557859667968
601,645,olympus_queen,3,1935,613948557859667968
602,247,Bobglo300,0,0,613948557859667968
603,59,cynthiasoto78,1,59,613948557859667968
604,134,c_wa,1,134,613948557859667968
605,297,MaoKatz,1,297,613948557859667968
606,45,marbirio,4,180,613948557859667968
607,41,rafael15_m,3,123,613948557859667968
608,33,marlencuellar,3,99,613948557859667968
609,161,KhayaKLauz,0,0,613948557859667968
610,1007,halwyui,0,0,613948557859667968
611,603,memoluna,1,603,613948557859667968
612,19,Heyitsmaria_96,1,19,613948557859667968
613,4,loungingA,9,36,613948557859667968
614,378,WakeUp2News,0,0,613948557859667968
615,329,coco_gp,20,6580,613948557859667968
616,259,_goddessonthego,1,259,613948557859667968
617,483,5Harmonkey,0,0,613948557859667968
618,35,Peace_Dania,1,35,613948557859667968
619,203,AlehMartoni,0,0,613948557859667968
620,634,iramramirez,1,634,613948557859667968
621,16,MsVSanz,3,48,613948557859667968
622,84,tanialotus,1,84,613948557859667968
623,166,mariamendezcin,2,332,613948557859667968
624,34,Anthony_sandova,2,68,613948557859667968
625,83,nellacua277,1,83,613948557859667968
626,8,890553bfa967450,4,32,613948557859667968
627,322,Luis_Carlos17,0,0,613948557859667968
628,176,GarrafaScoop,3,528,613948557859667968
629,20,sylviaysanchez,7,140,613948557859667968
630,4848,SBrook_,0,0,613948557859667968
631,2111,_APIdanely_,3,6333,613948557859667968
632,756,airamxozz,0,0,613948557859667968
633,150,brayanzitto84,1,150,617828296433213440
634,52,gamineye,1,52,617828296433213440
635,128,marianaijaner,5,640,617828296433213440
636,480,Venumbra,1,480,617828296433213440
637,283,katatsumuri1207,2,566,617828296433213440
638,1121,Chastitellez,4,4484,617828296433213440
639,817,jeannunez88,0,0,617828296433213440
640,824,antonioborjas,1,824,617828296433213440
641,9243,Gooner815,1,9243,617828296433213440
642,270,MigrantEdJCS,0,0,617828296433213440
643,131,Jonathan_Dry1,1,131,617828296433213440
644,863,James_M_Perry,0,0,617828296433213440
645,389,jozefyuvarlak,0,0,617828296433213440
646,380,Vytenis14,43,16340,617828296433213440
647,189,kpal88,1,189,617828296433213440
648,20769,D4ntcar,0,0,617828296433213440
649,61,BigBadBomber,1,61,617828296433213440
650,1724,AshleyScoby,0,0,617828296433213440
651,2648,RiosRiossp,0,0,617828296433213440
652,219,Parsalona10,1,219,617828296433213440
653,226,brayaan10,1,226,617828296433213440
654,226,iibarros1,1,226,617828296433213440
655,79,SalvadorL,152,12008,617828296433213440
656,189,Jay_Angel7,1,189,617828296433213440
657,91,MEbelMath,0,0,617828296433213440
658,279,mamamuriel,1,279,617828296433213440
659,503,NOTrommelraymon,0,0,617828296433213440
660,106,jmuss67,0,0,617828296433213440
661,496,PaulFreelend,0,0,617828296433213440
662,302,TisBestWithB,0,0,617828296433213440
663,274,Vernoff,0,0,617828296433213440
664,62,22socaldad,0,0,617828296433213440
665,38,CDubWalls,1,38,617828296433213440
666,181,tlillis4,1,181,617828296433213440
667,17,_youngka_,1,17,617828296433213440
668,1424,frailmari,0,0,617828296433213440
669,113,IKiDAlex,0,0,617828296433213440
670,22,mikewalther20,1,22,617828296433213440
671,79,amy_johstono,1,79,617828296433213440
672,58,NickSprague,1,58,617828296433213440
673,46,RJNation,1,46,617828296433213440
674,507,Michael_Sawyer,0,0,617828296433213440
675,497,CherokeeLair,0,0,617828296433213440
676,125,JNegronBK,0,0,617828296433213440
677,827,kingnnaj,0,0,617828296433213440
678,111,BSM_FC,1,111,617828296433213440
679,1338,kaznagatsuka,0,0,617828296433213440
680,35,Andy_7345,1,35,617828296433213440
681,309,smcollins01,1,309,617828296433213440
682,47,KilroyInvictus,1,47,617828296433213440
683,344,kenny_kotala,2,688,617828296433213440
684,48,JoshuaMaccarty,2,96,617828296433213440
685,657,Hoyatexas,0,0,617828296433213440
686,967,OchPhil,0,0,617828296433213440
687,38,singingcakelady,2,76,617828296433213440
688,337,HelenthePresby,0,0,617828296433213440
689,283,jbjensson,1,283,617828296433213440
690,297,namsse2,1,297,617828296433213440
691,311,DJMatthewWarren,1,311,617828296433213440
692,513,baconpizza7,0,0,617828296433213440
693,605,bpmcgackin,0,0,617828296433213440
694,599,CesarGarduno7,0,0,617828296433213440
695,240,KeithChandler20,1,240,617828296433213440
696,479,chadhendricks_,0,0,617828296433213440
697,237,grant4749,1,237,617828296433213440
698,377,RichDickPryor,0,0,617828296433213440
699,2296,SUCKMYSPIDERDIC,0,0,617828296433213440
700,279,michaelcoirazza,1,279,617828296433213440
701,2,BhngFul,1,2,617828296433213440
702,1236,brian8556utube,0,0,617828296433213440
703,67,Zach_Daily,1,67,617828296433213440
704,62,tiaret,1,62,617828296433213440
705,912,ikhwandayne,0,0,617828296433213440
706,1823,ObiWillKenobiii,0,0,617828296433213440
707,123,catheydon,1,123,617828296433213440
708,114,DAS_MORRIS,1,114,617828296433213440
709,24,laurengy,1,24,617828296433213440
710,45,YoshiToshiLenae,1,45,617828296433213440
711,126,CarmenDeBizet,2,252,617828296433213440
712,140,RamiroCaba3,1,140,617828296433213440
713,180,dozaflow5,1,180,617828296433213440
714,69,TedDennison,3,207,617828296433213440
715,1276,19XXBeantown,0,0,617828296433213440
716,984,ArsenalSW,0,0,617828296433213440
717,40,Djghs9,1,40,617828296433213440
718,5667,SoccerResource,1,5667,617828296433213440
719,508,tshitok,0,0,617828296433213440
720,349,MaxGoldfarb,3,1047,617828296433213440
721,778,Heinrich0711,0,0,617828296433213440
722,356,MwenReleNaomi,0,0,617828296433213440
723,1730,Tranzalored,0,0,617828296433213440
724,589,Missyandted,0,0,617828296433213440
725,603,JbrownGDT,0,0,617828296433213440
726,239,kataniken,1,239,613026185321144320
727,1211,SocialMediaTWTR,1,1211,613026185321144320
728,31,larios57,1,31,613026185321144320
729,30,OwlatDay,1,30,613026185321144320
730,994,okayshesays,2,1988,613026185321144320
731,600,JaJayamanne,0,0,613026185321144320
732,124,shan_arisan,0,0,613026185321144320
733,727,AngryYuca,36,26172,613026185321144320
734,381,8intheuniverse,2,762,613026185321144320
735,233,paul_boyd,1,233,613026185321144320
736,307,zilotvn,1,307,613026185321144320
737,237,MaadiHotti,0,0,613026185321144320
738,27,jrodgough10,1,27,613026185321144320
739,262,Biibekk,1,262,613026185321144320
740,1443,DaniAFriedman,222,320346,613026185321144320
741,25,PamelaPamelet,1,25,613026185321144320
742,860,miguelendara,6,5160,613026185321144320
743,196,Peanut_SP,1,196,613026185321144320
744,903,raquelajoan,1,903,613026185321144320
745,110,adelie0401,1,110,613026185321144320
746,253,PropTartMN,0,0,613026185321144320
747,141,cinthya_lorena,0,0,613026185321144320
748,97,therealricardo,4,388,613026185321144320
749,18,pastelfrijey,1,18,613026185321144320
750,434,GeckoLuke,1,434,613026185321144320
751,33,MFagura,1,33,613026185321144320
752,88,DanDschin,1,88,613026185321144320
753,428,TonyUtweets,2,856,613026185321144320
754,5264,ClaudiaVoficial,1,5264,613026185321144320
755,286,xoxosirley,2,572,613026185321144320
756,114,Troger423,0,0,613026185321144320
757,658,beatrizisabel,0,0,613026185321144320
758,417,ensley_exeter1,0,0,613026185321144320
759,484,LKavannah,0,0,613026185321144320
760,541,arleendee,3,1623,613026185321144320
761,67,EmmaLenarz,1,67,613026185321144320
762,288,fatisanchez,1,288,613026185321144320
763,77,SarahVia_,1,77,613026185321144320
764,276,stars2p,0,0,613026185321144320
765,711,bellylaughday,1,711,613026185321144320
766,5,recycle8tweets,1,5,613026185321144320
767,304,_EmilySvensson,1,304,613026185321144320
768,635,indriioktoviana,1,635,613026185321144320
769,184,GavinRMueller,1,184,613026185321144320
770,1970,DynamoCooligan,0,0,613026185321144320
771,1400,dreamjar,1,1400,613026185321144320
772,415,GlobalHealthIT,2,830,613026185321144320
773,1011,drz,0,0,613026185321144320
774,402,MkStreit,0,0,613026185321144320
775,221,UyounI,2,442,613026185321144320
776,205,dcarito91,0,0,613026185321144320
777,158,Kurisu_Asgard,1,158,613026185321144320
778,17,shigh35,1,17,613026185321144320
779,425,HebrewMexican,2,850,613026185321144320
780,853,avianneflu,20,17060,613026185321144320
781,181,air8045,1,181,613026185321144320
782,53,patt1o3,1,53,613026185321144320
783,147,Mikaulin,1,147,613026185321144320
784,241,Ingridsot,1,241,613026185321144320
785,888,AMSalter,1,888,613026185321144320
786,12,BarbGanja,1,12,613026185321144320
787,384,langistudios,0,0,613026185321144320
788,4,WinryYaoi,1,4,613026185321144320
789,156,kenzyounot_,0,0,613026185321144320
790,953,liandryaaa,0,0,613026185321144320
791,349,BoxingElaine,1,349,613026185321144320
792,1060,1ubuntufan,2,2120,613026185321144320
793,100,mattttt514,1,100,613026185321144320
794,60,KamaalAteshi,1,60,613026185321144320
795,14,jamiefujimoto,1,14,613026185321144320
796,946,shutupjoani,0,0,613026185321144320
797,15431,falafu,1,15431,613026185321144320
798,551,Justicia_7,5,2755,613026185321144320
799,64,Zerocanbam,1,64,613026185321144320
800,431,danielabbaptist,0,0,613026185321144320
801,66,vish799,1,66,613026185321144320
802,81,ohmaipie,1,81,613026185321144320
803,29446,DisneyGals,0,0,613026185321144320
804,494,Claudioxg,31,15314,613026185321144320
805,126,CarmenDeBizet,2,252,613026185321144320
806,168,Charlie__Lottie,0,0,613026185321144320
807,40,cellajosh,6,240,613026185321144320
808,75,Hello_Michello,28,2100,613026185321144320
809,33,ZipThe,1,33,613026185321144320
810,63,cynddimar,1,63,613026185321144320
811,11,animatorth,1,11,613026185321144320
812,88,MysticalElven,0,0,613026185321144320
813,479,enzo7466,0,0,613026185321144320
814,142,SomeoneElses,1,142,613026185321144320
815,29,DaugtherofChaos,0,0,613026185321144320
816,220,pamelahl1,0,0,613026185321144320
817,1553,Mahrlee_mar,0,0,615204562715213824
818,188,Owordson,2,376,615204562715213824
819,222,cjsReady,2,444,615204562715213824
820,580,JoabLouis,1,580,615204562715213824
821,3358,OgunsChosen,0,0,615204562715213824
822,215,HaitianBoii,1,215,615204562715213824
823,266,trilbe,0,0,615204562715213824
824,361,SmhXx_,0,0,615204562715213824
825,102,colorblot,0,0,615204562715213824
826,503,wildwonderweb,0,0,615204562715213824
827,161,how_to_Houston,1,161,615204562715213824
828,229,courtneyjarvis,1,229,615204562715213824
829,1178,ActionBastard,0,0,615204562715213824
830,1223,ChinnyVidiVici,0,0,615204562715213824
831,263,diamondlifeUGA,0,0,615204562715213824
832,2214,HaitianHead_,0,0,615204562715213824
833,817,CocoFairie,0,0,615204562715213824
834,1056,ItsJazzWorld,1,1056,615204562715213824
835,3601,PTP_Leak,0,0,615204562715213824
836,197,mrwiscy,0,0,615204562715213824
837,943,YuckDuck,0,0,615204562715213824
838,471,Xcuse_MyPrettyy,1,471,615204562715213824
839,1433,HeyIts_ERICA,0,0,615204562715213824
840,2750,ZoeKev1k,0,0,615204562715213824
841,27942,Combat_Jack,0,0,615204562715213824
842,734,shyklue,1,734,615204562715213824
843,617,RanMan954,0,0,615204562715213824
844,1269,_deedrahh,0,0,615204562715213824
845,312,AugustFanon,0,0,615204562715213824
846,538,SR5611,0,0,615204562715213824
847,1486,Naa_bruh,0,0,615204562715213824
848,684,scxxb,0,0,615204562715213824
849,453,Pistantrophobic,0,0,615204562715213824
850,488,ModifiedBeing_,0,0,615204562715213824
851,339,soniajaayy,0,0,615204562715213824
852,1088,BlkGrlsDontDate,0,0,615204562715213824
853,1775,OBEY_mySPEED,0,0,615204562715213824
854,613,BoozyBoi,1,613,615204562715213824
855,180,Ndee93,1,180,615204562715213824
856,210,arnellev,1,210,615204562715213824
857,2465,NaeeTheHaitian_,0,0,615204562715213824
858,1105,LoveTestedMe,1,1105,615204562715213824
859,63,Speak_Suift13,1,63,615204562715213824
860,1433,lchxin,1,1433,615204562715213824
861,784,TheReal_Wes,0,0,615204562715213824
862,1547,pennyroo_,0,0,615204562715213824
863,1866,swankness,0,0,615204562715213824
864,720,_Strictlybased,0,0,615204562715213824
865,393,Fashion_Riot,0,0,615204562715213824
866,496,Manecha_xoxo,0,0,615204562715213824
867,377,GoldAFrancois,1,377,615204562715213824
868,64,ersrose,0,0,615204562715213824
869,159,SoAboutLastNite,0,0,615204562715213824
870,843,CHCLATELAXATIVE,0,0,615204562715213824
871,480,NottheCandyBar,0,0,615204562715213824
872,576,bloodonthesands,0,0,615204562715213824
873,390,Trill_coyote,0,0,615204562715213824
874,43,PBouassi,1,43,615204562715213824
875,348,CaliLiVe,0,0,615204562715213824
876,1044,TheresGold,0,0,615204562715213824
877,797,nickgentilhomme,0,0,615204562715213824
878,183,jeffihaza,0,0,615204562715213824
879,802,ShaadTheDon,1,802,615204562715213824
880,3655,Chevon,0,0,615204562715213824
881,1196,OhMyRiiaa,0,0,615204562715213824
882,1255,HaitianChamber,1,1255,615204562715213824
883,920,Bklyn_Rock,0,0,615204562715213824
884,850,TreThreat,0,0,615204562715213824
885,395,HxlyD,1,395,615204562715213824
886,315,wokeup2live,0,0,615204562715213824
887,1118,thecaleb24,0,0,615204562715213824
888,18697,iSmashFizzle,0,0,615204562715213824
889,228,Haiti_UN,1,228,615204562715213824
890,74,Jean_Xiang,1,74,615204562715213824
891,416,HeartOfNike,0,0,615204562715213824
892,545,Toyaislucky,0,0,615204562715213824
893,407,LastKing_Breezy,1,407,615204562715213824
894,731,positiviTeee,0,0,615204562715213824
895,36,MzJ_Love,1,36,615204562715213824
896,1319,DreamChaser_JP,0,0,615204562715213824
897,683,PeitiWallFlower,0,0,615204562715213824
898,186,CNelson1216,0,0,615204562715213824
899,527,Shiloh_Jah,0,0,615204562715213824
900,1947,idesofjulius,0,0,615204562715213824
901,622,_thamarlie,1,622,615204562715213824
902,3838,AskDr_Mike,0,0,615204562715213824
903,2508,IDisDummies,0,0,615204562715213824
904,363,Uj_U,1,363,615204562715213824
905,1245,femiBRIsta,0,0,615204562715213824
906,145,GiordieP,1,145,615204562715213824
907,420,onesizefitsSLIM,0,0,615204562715213824
908,652,CheWithBlingOn,0,0,615204562715213824
909,1452,Tyroist,0,0,616115346622296064
910,369,Fer_sus92,4,1476,616115346622296064
911,187,RaynitaBonita,0,0,616115346622296064
912,342,eddielopez141,1,342,616115346622296064
913,447,routeofthesun,1,447,616115346622296064
914,761,carolalaflaca,0,0,616115346622296064
915,1673,alonso_529,1,1673,616115346622296064
916,339,ysrodrig,24,8136,616115346622296064
917,845,ADRIA_RA,1,845,616115346622296064
918,727,AngryYuca,36,26172,616115346622296064
919,128,151ffed5b78a43f,1,128,616115346622296064
920,4964,clauvale77,0,0,616115346622296064
921,812,Karmasan2013,0,0,616115346622296064
922,801,Crishely2008Cc,0,0,616115346622296064
923,5946,RichardOHornos,1,5946,616115346622296064
924,991,Portobello2015,1,991,616115346622296064
925,81,breaking_teeth,0,0,616115346622296064
926,565,Positividad3,0,0,616115346622296064
927,12229,isaacleep,201,2458029,616115346622296064
928,2340,elidaalonso53,1,2340,616115346622296064
929,1756,liliagarcia020,1,1756,616115346622296064
930,3713,helenaguirrefer,1,3713,616115346622296064
931,2143,NoMoreMcConnell,1,2143,616115346622296064
932,1853,Rebis01,0,0,616115346622296064
933,168,Weezette,0,0,616115346622296064
934,1826,anavisgu,0,0,616115346622296064
935,842,FredyHernan9,1,842,616115346622296064
936,237,amado35335272,1,237,616115346622296064
937,1086,crishely2008,2,2172,616115346622296064
938,444,maria19016998,0,0,616115346622296064
939,72,tochpue912,0,0,616115346622296064
940,392,morenoreads,2,784,616115346622296064
941,1007,SalvadorVivanc1,0,0,616115346622296064
942,798,GoBigObama2,1,798,616115346622296064
943,1380,evnicolas,0,0,616115346622296064
944,757,ACTBIGOBAMA,1,757,616115346622296064
945,5737,DaleF3,0,0,616115346622296064
946,437,3paulas,1,437,616115346622296064
947,856,hugoc3318,1,856,616115346622296064
948,1617,ednad21,1,1617,616115346622296064
949,108,MarioGearSolid,0,0,616115346622296064
950,22,JuePier,81,1782,616115346622296064
951,657,larosa2247,0,0,616115346622296064
952,69,kingman101921,1,69,616115346622296064
953,714,RosalindaCoron4,1,714,616115346622296064
954,1713,Alonso1127,1,1713,616115346622296064
955,273,WTF3000,3,819,616115346622296064
956,364,mimistaralone,0,0,616115346622296064
957,945,k_shivers,0,0,616115346622296064
958,875,VozLatin,0,0,616115346622296064
959,1050,17Veronicacejas,0,0,616115346622296064
960,655,ThxMrPOTUS,1,655,616115346622296064
961,7931,MariaTCardona,1,7931,616115346622296064
962,257,DebGuadan,7,1799,616115346622296064
963,1506,JRefugioGarcia1,1,1506,616115346622296064
964,705,riibvi,1,705,616115346622296064
965,6987,JeremyDeeSelden,0,0,616115346622296064
966,474,GopNoWay,1,474,616115346622296064
967,57,Carmenp66175916,0,0,616115346622296064
968,765,Reformxme,1,765,616115346622296064
969,170,caltenco12,1,170,616115346622296064
970,837,LatinosDecideYA,1,837,616115346622296064
971,258,REFORM_4_ALL,0,0,616115346622296064
972,3398,020who,0,0,616115346622296064
973,101,ManuelG84062761,1,101,616115346622296064
974,82,MudBound,1,82,616115346622296064
975,713,MariaAMejia,1,713,616115346622296064
976,1331,maria_yocupicio,0,0,616115346622296064
977,4466,Bewickwren,0,0,616115346622296064
978,2035,USlatino1,1,2035,616115346622296064
979,44,mata7664,1,44,616115346622296064
980,1386,GCobbHunter,0,0,616115346622296064
981,1237,hugodava,1,1237,616115346622296064
982,186,neumopedia,1,186,616115346622296064
983,92,ricardoriosed,1,92,616115346622296064
984,945,mimiyyo,1,945,616115346622296064
985,56,annikapannika,3,168,616115346622296064
986,218,frannie_ss,7,1526,616115346622296064
987,905,vividiaz1126,1,905,616115346622296064
988,288,argentos5,1,288,616115346622296064
989,2944,mix,5,14720,616115346622296064
990,308,MontesMontes170,0,0,616115346622296064
991,268,GreatVictoria,1,268,616115346622296064
992,94,Rodriguez77,15,1410,616115346622296064
993,83,Sydniferous,0,0,616115346622296064
994,735,aleuru510,1,735,616115346622296064
995,334,navarronohemi1,0,0,616115346622296064
996,324,ponce_sole,1,324,616115346622296064
997,855,cristoramirez15,0,0,616115346622296064
998,955,res0xhdb2,0,0,616115346622296064
999,788,Crisromi19,1,788,616115346622296064
1000,86,SeleneVLopez,5,430,616115346622296064
1001,5463,NutmegRadio,0,0,617837239314313216
1002,915,iamzaki,0,0,617837239314313216
1003,650,lindsayeanet,1,650,617837239314313216
1004,61,LandinF,2,122,617837239314313216
1005,160,bibliophagy,1,160,617837239314313216
1006,127,marianaijaner,5,635,617837239314313216
1007,462,Kyle_SoB,0,0,617837239314313216
1008,431,bhaydon5,0,0,617837239314313216
1009,435,MichaelHabetler,0,0,617837239314313216
1010,102,alexiIRL,1,102,617837239314313216
1011,550,tinasauruss,1,550,617837239314313216
1012,406,Psyker390,5,2030,617837239314313216
1013,662,hatterfan,1,662,617837239314313216
1014,207,robynsaghini,1,207,617837239314313216
1015,156,AlexDusza,1,156,617837239314313216
1016,265,Amnirvana83,0,0,617837239314313216
1017,928,pronkville08,0,0,617837239314313216
1018,311,Connor_Lee_16,0,0,617837239314313216
1019,166,CaptainBubs,1,166,617837239314313216
1020,146,alecsandravelez,5,730,617837239314313216
1021,401,GilessSarah,0,0,617837239314313216
1022,47,callmezenmaster,2,94,617837239314313216
1023,94,KatherineKepler,1,94,617837239314313216
1024,115,crabber1967,1,115,617837239314313216
1025,884,wadeNYC,0,0,617837239314313216
1026,347,iamtrevorpruitt,1,347,617837239314313216
1027,307,edzelaski,1,307,617837239314313216
1028,289,jo_bro11,1,289,617837239314313216
1029,44,ACargol,1,44,617837239314313216
1030,520,anti___HERO,0,0,617837239314313216
1031,1987,fakeJPD,1,1987,617837239314313216
1032,296,BryBan,1,296,617837239314313216
1033,2084,TonyMellace7,0,0,617837239314313216
1034,160,nickyram79,0,0,617837239314313216
1035,465,ismathers,3,1395,617837239314313216
1036,1372,onceayankee55,0,0,617837239314313216
1037,283,katatsumuri1207,2,566,617837239314313216
1038,104,Bvggy,0,0,617837239314313216
1039,20,AceSpinelli,1,20,617837239314313216
1040,948,BBlair06,0,0,617837239314313216
1041,84,MatthewBerner1,1,84,617837239314313216
1042,255,hunteramos11,1,255,617837239314313216
1043,215,spookybeas,1,215,617837239314313216
1044,1018,peteeee,0,0,617837239314313216
1045,360,murphnd,0,0,617837239314313216
1046,580,ashleycdye,0,0,617837239314313216
1047,124,JHalvorsonNews,4,496,617837239314313216
1048,1252,Giddymos,0,0,617837239314313216
1049,997,Philly_brown10,0,0,617837239314313216
1050,383,mlw659,1,383,617837239314313216
1051,48,JoshuaMaccarty,2,96,617837239314313216
1052,219,atlas08,1,219,617837239314313216
1053,233,DRBrown3,1,233,617837239314313216
1054,380,connerfer,1,380,617837239314313216
1055,1409,SarahAudelo,2,2818,617837239314313216
1056,1151,fwdcrocblu,0,0,617837239314313216
1057,1713,hellominamoo,1,1713,617837239314313216
1058,74,sampatdesai,1,74,617837239314313216
1059,155,thirst_princess,2,310,617837239314313216
1060,197,felicityr123,0,0,617837239314313216
1061,172,OutSideDBox1,0,0,617837239314313216
1062,247,tfhall1992,1,247,617837239314313216
1063,186,TheLuisCorrea,1,186,617837239314313216
1064,190,jeff_fisher,1,190,617837239314313216
1065,479,AntwonGalante,0,0,617837239314313216
1066,115,punmasterjess,1,115,617837239314313216
1067,375,KatherineOliver,1,375,617837239314313216
1068,190,wwseifert,1,190,617837239314313216
1069,844,RoleyRisenblunt,0,0,617837239314313216
1070,386,Meg_Dubeau,0,0,617837239314313216
1071,248,TheLastXman,0,0,617837239314313216
1072,619,maire_magliozzi,1,619,617837239314313216
1073,421,ptankshultz,8,3368,617837239314313216
1074,641,MattVallone,0,0,617837239314313216
1075,151,jantakesfrench,1,151,617837239314313216
1076,474,slpettis,1,474,617837239314313216
1077,2382,JacquelinePurdy,1,2382,617837239314313216
1078,360,momex21,1,360,617837239314313216
1079,932,BigBrain61,0,0,617837239314313216
1080,293,BikeMrown,0,0,617837239314313216
1081,333,heartbreakMLG,1,333,617837239314313216
1082,196,lilyyyypalacios,7,1372,617837239314313216
1083,1803,joejackson,2,3606,617837239314313216
1084,176,james_pollitt,1,176,617837239314313216
1085,436,caitydozier,0,0,617837239314313216
1086,356,MagicChurro37,3,1068,617837239314313216
1087,245,Heritage_Soccer,0,0,617837239314313216
1088,489,Agradecidopech,0,0,621334501419954176
1089,47,VeronikEunice,1,47,621334501419954176
1090,995,migueli0n,1,995,621334501419954176
1091,463,Milly_Tully,2,926,621334501419954176
1092,116,NayeliZui,1,116,621334501419954176
1093,173,aleBarragan,1,173,621334501419954176
1094,143,KayDouche,1,143,621334501419954176
1095,3569,Jim_B60,0,0,621334501419954176
1096,294,nept2no,1,294,621334501419954176
1097,89,BayernManning,2,178,621334501419954176
1098,146,ideeazz,1,146,621334501419954176
1099,1,hann_gracia,1,1,621334501419954176
1100,72,juanleoneljm,1,72,621334501419954176
1101,46,fabpba,0,0,621334501419954176
1102,4477,Marbe,0,0,621334501419954176
1103,110,lhdezr,1,110,621334501419954176
1104,98,PeterKatel,8,784,621334501419954176
1105,757,FreshOutThe90s,0,0,621334501419954176
1106,26,GuadalupeGorrae,1,26,621334501419954176
1107,30,LgsQuiroz,1,30,621334501419954176
1108,356,kiwiliciousa,1,356,621334501419954176
1109,39,garra_de_leon,1,39,621334501419954176
1110,125,isaerne,1,125,621334501419954176
1111,148,MargaritaAF,1,148,621334501419954176
1112,17,vilmazelaya,2,34,621334501419954176
1113,845,24daniel76,0,0,621334501419954176
1114,163,calzcristian,1,163,621334501419954176
1115,314,SesarMateo,1,314,621334501419954176
1116,518,amendoza_up,1,518,621334501419954176
1117,1064,AdrianaT9735,1,1064,621334501419954176
1118,232,liloalvarezp,1,232,621334501419954176
1119,5,jedduj,1,5,621334501419954176
1120,971,okaymels,0,0,621334501419954176
1121,17,Mangelsotoc,2,34,621334501419954176
1122,428,cakebythepount,1,428,621334501419954176
1123,381,IFGM08,2,762,621334501419954176
1124,288,Georgeed87,0,0,621334501419954176
1125,220,luislingsta13,1,220,621334501419954176
1126,58,babym0o,1,58,621334501419954176
1127,232,Sammy_Mommy,1,232,621334501419954176
1128,133,alexmeve,0,0,621334501419954176
1129,303,OcejoJose,2,606,621334501419954176
1130,23,tacho12010,0,0,621334501419954176
1131,1391,Mexconsult,0,0,621334501419954176
1132,41,_valdezalb,1,41,621334501419954176
1133,1394,ShawnRoxxx,1,1394,621334501419954176
1134,9,mtza99,1,9,621334501419954176
1135,73,karenduhi,2,146,621334501419954176
1136,219,alcamilito,0,0,621334501419954176
1137,9,_mostwantedg,1,9,621334501419954176
1138,78,patty26886802,1,78,621334501419954176
1139,89,Ger712,0,0,621334501419954176
1140,464,marianfi,1,464,621334501419954176
1141,37,anjelaguijosa,4,148,621334501419954176
1142,284,Jennifer__Nanda,1,284,621334501419954176
1143,42,LambleLloyd,1,42,621334501419954176
1144,92,elsamuelisrael,1,92,621334501419954176
1145,62,ernesto089,1,62,621334501419954176
1146,87,beto_60280,1,87,621334501419954176
1147,26,jupiterml,1,26,621334501419954176
1148,26,valevale0006,2,52,621334501419954176
1149,63,AlomasofiaEdgar,0,0,621334501419954176
1150,1178,pacoem,0,0,621334501419954176
1151,646,Uls242,0,0,621334501419954176
1152,597,Mikestorres,0,0,621334501419954176
1153,28,JNC_820,1,28,621334501419954176
1154,118,ReginaR97876944,0,0,621334501419954176
1155,415,Fa_lesh_ahh,1,415,621334501419954176
1156,223,garciaanai_anai,1,223,621334501419954176
1157,261,jtnunez,1,261,621334501419954176
1158,149,susanarosas18,1,149,621334501419954176
1159,226,JaviPerezDJ,1,226,621334501419954176
1160,183,RSancheez_11,1,183,621334501419954176
1161,969,NegroBendito,0,0,621334501419954176
1162,316,RMicky_7,0,0,621334501419954176
1163,1137,playbyplayKARLA,1,1137,621334501419954176
1164,796,_FrankMolina,1,796,621334501419954176
1165,85,Rober981,1,85,621334501419954176
1166,30916,radioambulante,4,123664,621334501419954176
1167,2878,bming5,0,0,621334501419954176
1168,279,ClarissaLT21,3,837,621334501419954176
1169,82,joebearrun,2,164,621334501419954176
1170,17,MARTA_JALU,1,17,621334501419954176
1171,6,LicRluna,1,6,621334501419954176
1172,349,Loco28_,0,0,621334501419954176
1173,24,oseguerita,4,96,621334501419954176
1174,204,NexusRasp,0,0,613829320822378496
1175,40,meineanderenego,1,40,613829320822378496
1176,826,asymbina,0,0,613829320822378496
1177,326,dammitJamaika,0,0,613829320822378496
1178,523,lilcommie,0,0,613829320822378496
1179,624,Alb3woke,0,0,613829320822378496
1180,602,kera_angelique,0,0,613829320822378496
1181,400,micahbazant,1,400,613829320822378496
1182,23,dandeilons,1,23,613829320822378496
1183,250,SusanErika,1,250,613829320822378496
1184,1422,yourpositiveNRG,0,0,613829320822378496
1185,13,chicchick14,0,0,613829320822378496
1186,2395,SuzanEraslan,0,0,613829320822378496
1187,1636,Shasta_Otter,0,0,613829320822378496
1188,413,project1enigma,0,0,613829320822378496
1189,251,ac_rogers,2,502,613829320822378496
1190,40,Yanelismartin,2,80,613829320822378496
1191,377,laughingat,0,0,613829320822378496
1192,1083,gahimbaress,0,0,613829320822378496
1193,108,peridotmatrix,0,0,613829320822378496
1194,498,seasludge,1,498,613829320822378496
1195,3984,termiteking,0,0,613829320822378496
1196,120,memespecialist,0,0,613829320822378496
1197,59,blythejohanna,1,59,613829320822378496
1198,49,KhloeLuxe,0,0,613829320822378496
1199,350,R3INAL3NA,0,0,613829320822378496
1200,353,windows98wave,0,0,613829320822378496
1201,52,GuyFungal,0,0,613829320822378496
1202,315,envirovegan,1,315,613829320822378496
1203,265,riglow,0,0,613829320822378496
1204,1414,pandulcesexual,0,0,613829320822378496
1205,132,tudodkii,0,0,613829320822378496
1206,239,mirahimage,0,0,613829320822378496
1207,3549,poctellie,0,0,613829320822378496
1208,847,cakedumb,0,0,613829320822378496
1209,217,pepper_roo,0,0,613829320822378496
1210,394,GatsbyLow,0,0,613829320822378496
1211,524,neotenomie,0,0,613829320822378496
1212,2784,local_maxima,0,0,613829320822378496
1213,1656,NovaWolf666,0,0,613829320822378496
1214,3291,shushugah,0,0,613829320822378496
1215,1088,mcurryfelidae07,0,0,613829320822378496
1216,694,dicejuanque,2,1388,613829320822378496
1217,555,KlyvertFox,0,0,613829320822378496
1218,55,theladyems,1,55,613829320822378496
1219,1019,barrier_trio,0,0,613829320822378496
1220,187,burnsbabe,0,0,613829320822378496
1221,672,draecampbell,0,0,613829320822378496
1222,260,JennyVSimile,0,0,613829320822378496
1223,2154,Hulex,0,0,613829320822378496
1224,1034,GoodTransPosts,0,0,613829320822378496
1225,697,JamesLeeRWC,1,697,613829320822378496
1226,6085,aliendovecote,0,0,613829320822378496
1227,925,anagrammaton,0,0,613829320822378496
1228,99,CoveredInMoons,0,0,613829320822378496
1229,417,Alnime_ja_nai,0,0,613829320822378496
1230,21,Woolf_Nerd,1,21,613829320822378496
1231,2416,CaseyJAldridge,2,4832,613829320822378496
1232,308,AKeammerer,2,616,613829320822378496
1233,692,queernaut,0,0,613829320822378496
1234,5,brazenleft,1,5,613829320822378496
1235,239,hazelwych,0,0,613829320822378496
1236,784,TheDefenseman,0,0,613829320822378496
1237,1060,CafeLechePGH,1,1060,613829320822378496
1238,937,Carin_McLeoud,0,0,613829320822378496
1239,844,lowtech42,0,0,613829320822378496
1240,293,basketkase_,0,0,613829320822378496
1241,941,SujathaTF,1,941,613829320822378496
1242,2811,ami_angelwings,0,0,613829320822378496
1243,3036,MastaOfMp3s,0,0,613829320822378496
1244,2637,Samynemir,0,0,613829320822378496
1245,380,CTACPGH,2,760,613829320822378496
1246,358,transavidan,0,0,613829320822378496
1247,766,kristoferrios,37,28342,613829320822378496
1248,1125,cascadiasolid,0,0,613829320822378496
1249,631,HonestlyJon,0,0,613829320822378496
1250,1134,transstudent,1,1134,613829320822378496
1251,1146,killstreakmpls,0,0,613829320822378496
1252,305,etegosum,1,305,613829320822378496
1253,12894,OCongress,0,0,613829320822378496
1254,3717,collier,10,37170,613829320822378496
1255,26,curlyquote,1,26,613829320822378496
1256,1103,plsburydoughboy,0,0,613829320822378496
1257,873,jessicaiman,1,873,613829320822378496
1258,1136,Charvettebey,0,0,613829320822378496
1259,5214,SubMedina,0,0,613829320822378496
1260,1829,Hell_on_wheelz,0,0,613829320822378496
1261,848,N7IRL,1,848,613829320822378496
1262,142,strawbiery,1,142,613829320822378496
1263,545,FashionLeKuwait,3,1635,613829320822378496
1264,158,SwedishForSize,0,0,613829320822378496
1265,348,baepolity,0,0,613829320822378496
1266,8,ray_nassar,1,8,613829320822378496
1267,39,enlightengirl,1,39,630225784356126720
1268,284,BafMacro,1,284,630225784356126720
1269,469,JamesRMarkey,1,469,630225784356126720
1270,136,Tigerdell,1,136,630225784356126720
1271,231,Anonyshill,0,0,630225784356126720
1272,1613,DFornbacher,5,8065,630225784356126720
1273,109,jpg256,1,109,630225784356126720
1274,51,shaikhul_,1,51,630225784356126720
1275,1116,madanabhat,0,0,630225784356126720
1276,122,noflaps,1,122,630225784356126720
1277,557,Gary_USBonds,1,557,630225784356126720
1278,188,ChaseLaurelle,1,188,630225784356126720
1279,10752,rtoberl,0,0,630225784356126720
1280,1496,mommydean74,1,1496,630225784356126720
1281,1276,VinceMalumBono,1,1276,630225784356126720
1282,611,38_milo,1,611,630225784356126720
1283,2683,ladybudmag,2,5366,630225784356126720
1284,955,cordblomquist,1,955,630225784356126720
1285,2166,unconcious0,1,2166,630225784356126720
1286,2786,rafaelpea7,1,2786,630225784356126720
1287,35,joshisunil,1,35,630225784356126720
1288,606,Sflemi11,0,0,630225784356126720
1289,618,WindyCityRockr,1,618,630225784356126720
1290,216,DH_Backlash,1,216,630225784356126720
1291,233,bothandeach,1,233,630225784356126720
1292,1402,Cllrshabbir,2,2804,630225784356126720
1293,5512,sriag,1,5512,630225784356126720
1294,89,rtpmarca,1,89,630225784356126720
1295,752,jimduey,1,752,630225784356126720
1296,357,RodriguezAJ100,1,357,630225784356126720
1297,1228,datarade,1,1228,630225784356126720
1298,1608,BTCmacroecon,1,1608,630225784356126720
1299,3308,LettyNTX,1,3308,630225784356126720
1300,468,jcrugzz,1,468,630225784356126720
1301,567,rsmoz,1,567,630225784356126720
1302,1314,TweetTw88036790,0,0,630225784356126720
1303,3349,lorizellmill,1,3349,630225784356126720
1304,296,Travelller,1,296,630225784356126720
1305,1471,RayJoha2,1,1471,630225784356126720
1306,801,scottnewell,1,801,630225784356126720
1307,119,AreDangerousMen,1,119,630225784356126720
1308,124,HillarySoldout,1,124,630225784356126720
1309,446,inkslinger21,1,446,630225784356126720
1310,589,JohnnySoftware,0,0,630225784356126720
1311,386252,pmarca,0,0,630225784356126720
1312,87,Los_Groove,1,87,630225784356126720
1313,221,laurenbretz,1,221,630225784356126720
1314,1750,radseed,1,1750,630225784356126720
1315,188,amesters1,1,188,630225784356126720
1316,326,ElleVariant,1,326,630225784356126720
1317,361,NY1Patriot,1,361,630225784356126720
1318,196,Amerikiwee,1,196,630225784356126720
1319,45,MercRuiz,1,45,630225784356126720
1320,141,waddlesplash,1,141,630225784356126720
1321,195,anzbahl,1,195,630225784356126720
1322,497,freedom3556,0,0,630225784356126720
1323,1019,ray_alexander_,0,0,630225784356126720
1324,2642,TorresChess,1,2642,630225784356126720
1325,244,rainbowsynergie,22,5368,630225784356126720
1326,326,OtunbaSho,1,326,630225784356126720
1327,42,kralux,1,42,630225784356126720
1328,44,42_Tweets,1,44,630225784356126720
1329,5610,PAccaria,1,5610,630225784356126720
1330,512,mr_steve_martin,1,512,630225784356126720
1331,533,tanyahyman,1,533,630225784356126720
1332,5682,texasfreedom101,0,0,630225784356126720
1333,334,bbrewin,1,334,630225784356126720
1334,922,benhaygood,1,922,630225784356126720
1335,73,guknu,1,73,630225784356126720
1336,1000,RobMorroLiberty,1,1000,630225784356126720
1337,243,pedrasmachado,1,243,630225784356126720
1338,75,LesSzklanny,1,75,630225784356126720
1339,5682,SafeensS,1,5682,630225784356126720
1340,184,homes4geeks,1,184,630225784356126720
1341,44454,BrendanEich,1,44454,630225784356126720
1342,110,bzfxr,1,110,630225784356126720
1343,10,eeseraph,1,10,630225784356126720
1344,228,botulJB,2,456,630225784356126720
1345,960,GraysonMLafrenz,1,960,630225784356126720
1346,10351,MiaoReport,1,10351,630225784356126720
1347,10,johnangwin,1,10,630225784356126720
1348,144,seraph_jesrad,1,144,630225784356126720
1349,1897,ZBanshee,0,0,630225784356126720
1350,51,PeterPois,1,51,630225784356126720
1351,1326,FoundersSeceded,1,1326,630225784356126720
1352,576,mauriziocarioli,1,576,630225784356126720
1353,95,DominickBurgos,1,95,630225784356126720
1354,4627,LIpatriot1,0,0,630225784356126720
1355,20,Speedfounder,1,20,630225784356126720
1356,725,ddkernan,1,725,630225784356126720
1357,2103,SwampFoxSr,0,0,630225784356126720
1358,2211,_Cryptosphere,1,2211,630225784356126720
1359,322,GusFringTho,1,322,630225784356126720
1360,9455,MoodyBrew,0,0,630225784356126720
1361,731,issh,1,731,630225784356126720
1362,2980,ggr1868,1,2980,630225784356126720
1363,903,chrisFnicholson,1,903,630225784356126720
1364,1227,george__woods,1,1227,630225784356126720
1365,327,vncprado,1,327,630225784356126720
1366,907,_Roxie_,0,0,614533777159798784
1367,234,Tenji95,0,0,614533777159798784
1368,108,ambelies,0,0,614533777159798784
1369,1019,The_JonnyBrown,0,0,614533777159798784
1370,507,wildwonderweb,0,0,614533777159798784
1371,394,akyooluther,0,0,614533777159798784
1372,2505,Juandeldiablo83,0,0,614533777159798784
1373,300,drseid,0,0,614533777159798784
1374,11,agenderharley,1,11,614533777159798784
1375,412,BlackIce392,0,0,614533777159798784
1376,798,JInterlandi,5,3990,614533777159798784
1377,919,NMcCay,0,0,614533777159798784
1378,249,CasmiUK,1,249,614533777159798784
1379,15511,beardedstoner,0,0,614533777159798784
1380,2923,AquafarE,0,0,614533777159798784
1381,321,ThandoLE,0,0,614533777159798784
1382,1179,_BenSkyWalker,0,0,614533777159798784
1383,94,rubywisp,0,0,614533777159798784
1384,566,MendelsonImages,1,566,614533777159798784
1385,455,GirlHusker84,0,0,614533777159798784
1386,35,OmiSade77,5,175,614533777159798784
1387,343,SamethyTheThird,0,0,614533777159798784
1388,4655,thisisjorge,40,186200,614533777159798784
1389,309,TJ_IV,1,309,614533777159798784
1390,1021,bleu_ruby,0,0,614533777159798784
1391,1272,Swings2raw,0,0,614533777159798784
1392,5399,KellyLeeDekay,0,0,614533777159798784
1393,343,Wartbergswoody,2,686,614533777159798784
1394,1407,GonzOakland,1,1407,614533777159798784
1395,5210,JeffJSays,0,0,614533777159798784
1396,220,Charizard_Char,2,440,614533777159798784
1397,855,anielnotdaniel,0,0,614533777159798784
1398,929,MTFIII,1,929,614533777159798784
1399,284,Sandhyamma,1,284,614533777159798784
1400,533,PassportnPlates,0,0,614533777159798784
1401,1620,heysavory,0,0,614533777159798784
1402,175,kaylae010,1,175,614533777159798784
1403,388,yumcrispypata,1,388,614533777159798784
1404,91,sofiallanor,1,91,614533777159798784
1405,250,gvbigz,0,0,614533777159798784
1406,55556,moorehn,0,0,614533777159798784
1407,1380,TedGrunewald,0,0,614533777159798784
1408,1047,WhereBaeAt,0,0,614533777159798784
1409,336,kangarara,0,0,614533777159798784
1410,25905,ProfSteveKeen,0,0,614533777159798784
1411,394,LamiiAkin,1,394,614533777159798784
1412,487,pgrannum,1,487,614533777159798784
1413,333,HateMale,1,333,614533777159798784
1414,465,StLilyLuxe,0,0,614533777159798784
1415,14,StephanWonen,1,14,614533777159798784
1416,134,ohyouchristians,28,3752,614533777159798784
1417,4418,vondellswain,0,0,614533777159798784
1418,58860,FeministaJones,0,0,614533777159798784
1419,293,liveswithwoeee,0,0,614533777159798784
1420,21,poopittypoo,1,21,614533777159798784
1421,1241,nibarguen,73,90593,614533777159798784
1422,1728,Betsy_Manning,0,0,614533777159798784
1423,282,TheCardboardKid,0,0,614533777159798784
1424,42,summertimb,0,0,614533777159798784
1425,163,Joshua_Nonnac,12,1956,614533777159798784
1426,162,Kimmychampagne,0,0,614533777159798784
1427,529,iAmErica_DC,0,0,614533777159798784
1428,395,afrodigenous,0,0,614533777159798784
1429,34,amyatthemoment,1,34,614533777159798784
1430,1213,DFlexmatrix,0,0,614533777159798784
1431,303,fishiwan,1,303,614533777159798784
1432,367,alexandrialayne,0,0,614533777159798784
1433,466,footballfillibu,0,0,614533777159798784
1434,504,mbvillarreal,0,0,614533777159798784
1435,625,oatmilkhotel,0,0,614533777159798784
1436,234,TheSunaTheBetta,1,234,614533777159798784
1437,1735,JoeWatchesTV,0,0,614533777159798784
1438,27044,ClaraJeffery,1,27044,614533777159798784
1439,1012,Calloy811,1,1012,614533777159798784
1440,1700,Pen_Bird,0,0,614533777159798784
1441,627,noveldevice,0,0,614533777159798784
1442,133,futuremonkey,0,0,614533777159798784
1443,250,richie_a_,0,0,614533777159798784
1444,1701,MichCorsilles,0,0,614533777159798784
1445,223,avadakedoeuvre,0,0,614533777159798784
1446,512,dezisdope,0,0,614533777159798784
1447,907,lafemmeluna,0,0,614533777159798784
1448,849,N7IRL,1,849,614533777159798784
1449,166,FullMetalMokona,1,166,614533777159798784
1450,41,caesura30,1,41,614533777159798784
1451,145,haileyjsimmons,0,0,614533777159798784
1452,31,lemony666,1,31,614533777159798784
1453,57,MicheleKarsk,1,57,614533777159798784
1454,151,PoojPie,2,302,614533777159798784
1455,533,dpwac,1,533,614533777159798784
1456,409,princesspunker,1,409,614533777159798784
1457,2488,HelloWolfe,0,0,614533777159798784
1458,179,anudatwani,0,0,614533777159798784
1459,265,playboy_0385,1,265,614533777159798784
1460,223,javiercasian,0,0,612121494232145920
1461,38,cristobal2832,1,38,612121494232145920
1462,2485,yfbl,1,2485,612121494232145920
1463,466,LEETJIAE,0,0,612121494232145920
1464,113,dbgermane,0,0,612121494232145920
1465,134,DavidMaldonadoC,1,134,612121494232145920
1466,286,LuisFerViejo,0,0,612121494232145920
1467,37,javis40,2,74,612121494232145920
1468,136,pamcakes218,1,136,612121494232145920
1469,192,wendyalvarez275,0,0,612121494232145920
1470,697,A_State_of_E,0,0,612121494232145920
1471,108,whatwaswound,1,108,612121494232145920
1472,10,evihe13,1,10,612121494232145920
1473,769,rubyperezzlove,0,0,612121494232145920
1474,602,kutdadel,0,0,612121494232145920
1475,1070,Laura_CS,3,3210,612121494232145920
1476,45,DonMorrisSz,1,45,612121494232145920
1477,601,Shadowmab,1,601,612121494232145920
1478,40,jagato2,1,40,612121494232145920
1479,184,Macuil132,1,184,612121494232145920
1480,233,valhallavanessa,1,233,612121494232145920
1481,3641,NYspanish,0,0,612121494232145920
1482,550,kr1959,1,550,612121494232145920
1483,424,mariayells,0,0,612121494232145920
1484,33,kosasmtv,1,33,612121494232145920
1485,219,alcamilito,0,0,612121494232145920
1486,1781,immevanmilo,0,0,612121494232145920
1487,21,came1970,0,0,612121494232145920
1488,88,RayHank83,0,0,612121494232145920
1489,1226,Galaxicanicus,0,0,612121494232145920
1490,458,lizsampayo,1,458,612121494232145920
1491,1439674,jorgeramosnews,29,41750546,612121494232145920
1492,469,silmu57,1,469,612121494232145920
1493,47,ferreyravila,1,47,612121494232145920
1494,107,licangelgbg,1,107,612121494232145920
1495,357,crimueller,0,0,612121494232145920
1496,148,RBN_Ramon,0,0,612121494232145920
1497,39,VictorMCanarios,0,0,612121494232145920
1498,1149,_xicanaspice,0,0,612121494232145920
1499,400,semioticafact,1,400,612121494232145920
1500,1538,Arthur_Chance,4,6152,612121494232145920
1501,571,JeTonymontes,3,1713,612121494232145920
1502,6013,neonheretic,0,0,612121494232145920
1503,35,HectorJRT1,0,0,612121494232145920
1504,952,barrymangod,0,0,612121494232145920
1505,1057,rjalvarado,0,0,612121494232145920
1506,23048,LivZu,0,0,612121494232145920
1507,213,cesmanmx,1,213,612121494232145920
1508,164,jjmedellinro,0,0,612121494232145920
1509,17,Alexis3reds,1,17,612121494232145920
1510,1646,TheTranshuman,5,8230,612121494232145920
1511,96,cabula_,0,0,612121494232145920
1512,54,VillegasGAV,0,0,612121494232145920
1513,381,Huitzi1,0,0,612121494232145920
1514,301,rafafc91,62,18662,612121494232145920
1515,404,javierbaez_,0,0,612121494232145920
1516,406,Ciudadano133,0,0,612121494232145920
1517,19,rebecca_sanjuan,11,209,612121494232145920
1518,959,Jose_RosadoCT,0,0,612121494232145920
1519,107,mpaula_ag,1,107,612121494232145920
1520,79,analulina,1,79,612121494232145920
1521,128,RBobbyCardenas,1,128,612121494232145920
1522,142,FusionLatAm,125,17750,612121494232145920
1523,9648,yagaxo,0,0,612121494232145920
1524,59,L_coritzya,1,59,612121494232145920
1525,76,eliasdjtrevino,1,76,612121494232145920
1526,1064,AdrianaT9735,1,1064,612121494232145920
1527,286,grimaldi2000,0,0,612121494232145920
1528,522,puzzleshifter,0,0,612121494232145920
1529,132,FRANCISCOJMOREN,1,132,612121494232145920
1530,416,katerin_aguilar,0,0,612121494232145920
1531,325,JoseFranco_,0,0,612121494232145920
1532,18,m_vas,1,18,612121494232145920
1533,321,Luis_Carlos17,0,0,612121494232145920
1534,387,IsraelGarcia43,1,387,612121494232145920
1535,124,mimitovar,2,248,612121494232145920
1536,35,SamGPerez,2,70,612121494232145920
1537,218,imherhm,1,218,612121494232145920
1538,316,salviprince,1,316,612121494232145920
1539,274,Neri_Efra,1,274,612121494232145920
1540,1007,markcsoup,1,1007,612121494232145920
1541,136,cervezamodelos,0,0,612121494232145920
1542,1523,_ESaavedra,1,1523,612121494232145920
1543,1377,weliaslo,1,1377,612121494232145920
1544,425,HebrewMexican,2,850,612121494232145920
1545,178,BlkScandalCast,1,178,630453330825883648
1546,29,ReyBee10,3,87,630453330825883648
1547,1765,HeyCookieee,0,0,630453330825883648
1548,426,CarleighAnneArt,4,1704,630453330825883648
1549,550,KimCheeMichael,8,4400,630453330825883648
1550,862,_plus_c,1,862,630453330825883648
1551,11004,Urbaniters,13,143052,630453330825883648
1552,501,MrTero2U,1,501,630453330825883648
1553,2927,jayydodd,1,2927,630453330825883648
1554,1332,mygirls3333,1,1332,630453330825883648
1555,5660,letmichaelsing,0,0,630453330825883648
1556,204,coralruna,0,0,630453330825883648
1557,636,MBriannaS,1,636,630453330825883648
1558,944,newm161,1,944,630453330825883648
1559,809,aROSEthatGREW,0,0,630453330825883648
1560,341,farfromangelic,0,0,630453330825883648
1561,302,AshleyPhae,4,1208,630453330825883648
1562,26,83_protons,1,26,630453330825883648
1563,4040,mjchaelstummy,1,4040,630453330825883648
1564,200,eggpaints,1,200,630453330825883648
1565,1837,LaLaZannell,1,1837,630453330825883648
1566,7657,Gay_News_Now,1,7657,630453330825883648
1567,307,taydaavenport,1,307,630453330825883648
1568,527,melonsmell,1,527,630453330825883648
1569,403,Slone_Terr12,1,403,630453330825883648
1570,248,imaginarysage,1,248,630453330825883648
1571,1377,Sab_1908,1,1377,630453330825883648
1572,2213,myecoll,1,2213,630453330825883648
1573,3955,dicksgrimes,0,0,630453330825883648
1574,114,ohmysunandstars,1,114,630453330825883648
1575,953,YDONTUDOMORE,1,953,630453330825883648
1576,1039,latinaavenger,1,1039,630453330825883648
1577,343,FreshHaus,1,343,630453330825883648
1578,1219,pauIrudds,1,1219,630453330825883648
1579,5880,lilithfund,1,5880,630453330825883648
1580,51,madefrmstars,1,51,630453330825883648
1581,191,BDingz,1,191,630453330825883648
1582,108,em_lee18,0,0,630453330825883648
1583,2742,cumberluke,0,0,630453330825883648
1584,23,JuePier,76,1748,630453330825883648
1585,860,BobbieLeeGodsil,1,860,630453330825883648
1586,770,destinyestelle,1,770,630453330825883648
1587,644,unicorninkk,2,1288,630453330825883648
1588,2271,sadlilflocka,1,2271,630453330825883648
1589,478,lurkeriatipsos,0,0,630453330825883648
1590,1007,markcsoup,1,1007,630453330825883648
1591,478,MonicaPFlash,12,5736,630453330825883648
1592,2595,Abstract_cool,0,0,630453330825883648
1593,38,OccupyReason1,1,38,630453330825883648
1594,455,MikeTalksTrash,0,0,630453330825883648
1595,5995,patricklee6669,0,0,630453330825883648
1596,25,NebulaShark,1,25,630453330825883648
1597,4685,runchranda,0,0,630453330825883648
1598,2240,antiviolence,1,2240,630453330825883648
1599,126,vonzhiz,1,126,630453330825883648
1600,190,AzraelPainter,1,190,630453330825883648
1601,314,wado1,1,314,630453330825883648
1602,574,christa_sheezy,0,0,630453330825883648
1603,1279,QueerlyDeparted,0,0,630453330825883648
1604,244,rainbowsynergie,22,5368,630453330825883648
1605,8365,LaurenLaCapra,12,100380,630453330825883648
1606,349,TibetanFeminist,2,698,630453330825883648
1607,1457,JeremyMallin,1,1457,630453330825883648
1608,3536,chiIdishgambjno,1,3536,630453330825883648
1609,1072,love_prevail,4,4288,630453330825883648
1610,504,FeliciTRON,1,504,630453330825883648
1611,4219,ovokrew,1,4219,630453330825883648
1612,597,angelickisses,1,597,630453330825883648
1613,1418,thriftymgc,0,0,630453330825883648
1614,1730,mollitudo,8,13840,630453330825883648
1615,6371,MonsterMarcia,1,6371,630453330825883648
1616,273,bduritsky,1,273,630453330825883648
1617,95,turntechggdhead,1,95,630453330825883648
1618,54,Kalindlara,1,54,630453330825883648
1619,100,suzuyatxt,1,100,630453330825883648
1620,811,conlimonisal,0,0,630453330825883648
1621,499,SukiBeavers,1,499,630453330825883648
1622,59,rejectpiiile,1,59,630453330825883648
1623,190,fieldofsavages,1,190,630453330825883648
1624,256,anabunnies,1,256,630453330825883648
1625,292,gavjgray,1,292,630453330825883648
1626,63,LatentDesire,1,63,630453330825883648
1627,211,irljean,1,211,630453330825883648
1628,288,jennd1989_jenn,0,0,630453330825883648
1629,123,deanshutup,1,123,630453330825883648
1630,506,jiminest,0,0,630453330825883648
1631,329,bencvtio,0,0,630453330825883648
1632,545,FashionLeKuwait,3,1635,630453330825883648
1633,424,bobboushka,1,424,630453330825883648
1634,294,elsaoneriver,1,294,630453330825883648
1635,33,MorganLegalDC,6,198,630453330825883648
1636,477,ElLaTransLatina,4,1908,630453330825883648
1637,230,tellahtruth,1,230,630453330825883648
1638,267,H3tzel,1,267,630453330825883648
1639,150,discoangelic,1,150,630453330825883648
1640,316,WolfOrBeWolfed,1,316,627213503871479808
1641,97,PyrateMike6X6,1,97,627213503871479808
1642,9489,NotThatChelsea,1,9489,627213503871479808
1643,21,BasilicaDante,2,42,627213503871479808
1644,1121,Chastitellez,4,4484,627213503871479808
1645,284,mark_potter,1,284,627213503871479808
1646,276,SirKamBam,0,0,627213503871479808
1647,180,_piratepeach_,0,0,627213503871479808
1648,455,Fl_Phoenix_,2,910,627213503871479808
1649,195,victoriactu,1,195,627213503871479808
1650,262,HodariToure_PhD,3,786,627213503871479808
1651,1356,SeamusBellamy,0,0,627213503871479808
1652,761,katesands,1,761,627213503871479808
1653,35696,ThomasJonesRB,0,0,627213503871479808
1654,1133,PiodeMarcos,1,1133,627213503871479808
1655,86,StrangeMuseSick,1,86,627213503871479808
1656,146,__SunilA,1,146,627213503871479808
1657,160,toitoi4me,1,160,627213503871479808
1658,10556,nateog,5,52780,627213503871479808
1659,244,Amycrocker76Amy,0,0,627213503871479808
1660,1487,whatsplayingmov,0,0,627213503871479808
1661,13917,Parteum,1,13917,627213503871479808
1662,764,iamleneyce,2,1528,627213503871479808
1663,57,AjaxTGV,0,0,627213503871479808
1664,3900,TracyViselli,1,3900,627213503871479808
1665,232,xpngn,3,696,627213503871479808
1666,1478,djname,1,1478,627213503871479808
1667,115,gunnysvg,3,345,627213503871479808
1668,592,CecilyElise,1,592,627213503871479808
1669,24327,realjlive,1,24327,627213503871479808
1670,12,TaramiAungk,1,12,627213503871479808
1671,451,JZaVaLa08,1,451,627213503871479808
1672,1588,thenurse75,0,0,627213503871479808
1673,164,lemmepetyourdog,1,164,627213503871479808
1674,208,DeadlyAlpha_,1,208,627213503871479808
1675,623,pg2711,2,1246,627213503871479808
1676,68523,amandaseales,0,0,627213503871479808
1677,258,GpDaPrince,1,258,627213503871479808
1678,508,apollomystics,1,508,627213503871479808
1679,1899,visualsbypierre,1,1899,627213503871479808
1680,38,aIternis_,1,38,627213503871479808
1681,769,mredonkulous,2,1538,627213503871479808
1682,237,canufeelher,2,474,627213503871479808
1683,32052,YEAHRIGHTPOS,1,32052,627213503871479808
1684,42,j_typical,1,42,627213503871479808
1685,256,__kvxx,25,6400,627213503871479808
1686,11701,cars_and_trains,1,11701,627213503871479808
1687,144,FrancescaBeStil,1,144,627213503871479808
1688,624,JB_Early,1,624,627213503871479808
1689,26,astroslut666,1,26,627213503871479808
1690,198,naomistclair,1,198,627213503871479808
1691,531,__MonetChristan,0,0,627213503871479808
1692,2374,AcidDiegoV,4,9496,627213503871479808
1693,50554,PaperBatVG,0,0,627213503871479808
1694,236,Archaic_Jinx,1,236,627213503871479808
1695,428,AsToldByThomas,2,856,627213503871479808
1696,365,FrostedDev,1,365,627213503871479808
1697,495,AmyMeyer5,1,495,627213503871479808
1698,395,Darline235,0,0,627213503871479808
1699,1061,iTweetyouLearn,1,1061,627213503871479808
1700,518,QueenOfVibess,0,0,627213503871479808
1701,1118,Edenza,2,2236,627213503871479808
1702,221,TeachingClass,1,221,627213503871479808
1703,270,CAPTAINsmash,1,270,627213503871479808
1704,148,mariissa_G,6,888,627213503871479808
1705,31,rubymel1,10,310,627213503871479808
1706,233,Meimoose,1,233,627213503871479808
1707,165,classof86mn,1,165,627213503871479808
1708,233,pjjordan_cpp,6,1398,627213503871479808
1709,458,LaLauRod,13,5954,627213503871479808
1710,122,GhostofPepper,1,122,627213503871479808
1711,166,MattMcParland,1,166,627213503871479808
1712,389,TheGrimCorsair,0,0,627213503871479808
1713,6584,JaredPaulLive,1,6584,627213503871479808
1714,16,Jesse_Hoo,1,16,627213503871479808
1715,213,ajak55,0,0,627213503871479808
1716,207,Daavidovici,1,207,627213503871479808
1717,438,tylluan,0,0,627213503871479808
1718,26,belladonna831,1,26,627213503871479808
1719,94,Rodriguez77,15,1410,627213503871479808
1720,778,NolaPeachTee,1,778,627213503871479808
1721,698,Angelinoo,1,698,627213503871479808
1722,113,bigbaristafun,1,113,627213503871479808
1723,7056,Chef_Lu_Bu,0,0,627213503871479808
1724,642,Helenore_,1,642,627213503871479808
1725,455,EBbirdbath,1,455,627213503871479808
1726,507,lol_gabe,0,0,627213503871479808
1727,540,thebilljim,1,540,627213503871479808
1728,588,meg_r,1,588,627213503871479808
1729,4015,johnmeeks1974,1,4015,627213503871479808
1730,594,sarapalvarez,2,1188,627213503871479808
1731,1711,Kindu_Quise,1,1711,627213503871479808
1732,5931,lewisshepherd,1,5931,621430450825887744
1733,287,tweetprix,1,287,621430450825887744
1734,120,5posto,0,0,621430450825887744
1735,5646,zdrojak,1,5646,621430450825887744
1736,12232,isaacleep,201,2458632,621430450825887744
1737,865,adviserdavid,0,0,621430450825887744
1738,3280,yokofakun,1,3280,621430450825887744
1739,603,ilegalista,1,603,621430450825887744
1740,633,Clayland77,0,0,621430450825887744
1741,934,melwilliscroft,2,1868,621430450825887744
1742,5070,dlboardman,1,5070,621430450825887744
1743,482,simpleeJLM,2,964,621430450825887744
1744,601,AceHoffman,5,3005,621430450825887744
1745,111,76house,1,111,621430450825887744
1746,78,jnanus,1,78,621430450825887744
1747,65,Dannyborbolla,2,130,621430450825887744
1748,18,Mamax_Mich,1,18,621430450825887744
1749,7386,COPDiaspora,1,7386,621430450825887744
1750,528,_ang,1,528,621430450825887744
1751,861,NikolaMikesic,0,0,621430450825887744
1752,548,bonesnthegarden,2,1096,621430450825887744
1753,87,tomasdeml,1,87,621430450825887744
1754,133,sebychehugo,1,133,621430450825887744
1755,116,peterpolak,1,116,621430450825887744
1756,558,kolman,1,558,621430450825887744
1757,1772,kerfors,1,1772,621430450825887744
1758,106,paulineposseme,1,106,621430450825887744
1759,4959,danbri,1,4959,621430450825887744
1760,1014,upperfeeny,1,1014,621430450825887744
1761,329,BStorytelling,1,329,621430450825887744
1762,446,innovationloft,0,0,621430450825887744
1763,473,FMXExpress,1,473,621430450825887744
1764,3063,ezraromero,2,6126,621430450825887744
1765,1744,MauJTH,0,0,621430450825887744
1766,211,Suronda,2,422,621430450825887744
1767,530,jonasophie,1,530,621430450825887744
1768,492,evaekel,0,0,621430450825887744
1769,45,5CHILLIN9,2,90,621430450825887744
1770,8268,jandrewpotter,1,8268,621430450825887744
1771,268,sujaik,1,268,621430450825887744
1772,5781,marclacey,2,11562,621430450825887744
1773,620,astridtaran,2,1240,621430450825887744
1774,352,HaNs__DoLo,2,704,621430450825887744
1775,1358,McCarthyLibrary,1,1358,621430450825887744
1776,1465,logandsmith,2,2930,621430450825887744
1777,7116,dubois,1,7116,621430450825887744
1778,145,pradeep233,1,145,621430450825887744
1779,35,mejiaro3,3,105,621430450825887744
1780,2382,c_9,0,0,621430450825887744
1781,232,nanovico,2,464,621430450825887744
1782,3773,SusannaKearsley,1,3773,621430450825887744
1783,464,jirkapenzes,1,464,621430450825887744
1784,5645,TheDiegoBunuel,1,5645,621430450825887744
1785,13,sohaju,1,13,621430450825887744
1786,249,adranko,5,1245,621430450825887744
1787,915,ecomisdabomb13,1,915,621430450825887744
1788,90,SpectralFilter,1,90,621430450825887744
1789,5298,jeffespo,1,5298,621430450825887744
1790,490,TriniPrincess,1,490,621430450825887744
1791,39,peteruzek,1,39,621430450825887744
1792,1062,1ubuntufan,2,2124,621430450825887744
1793,391,_R_S_S_,0,0,621430450825887744
1794,451,CristelSant,1,451,621430450825887744
1795,397,msmith_news,1,397,621430450825887744
1796,102,wvangemert,1,102,621430450825887744
1797,491,graciado,1,491,621430450825887744
1798,1548,lomejor18,1,1548,621430450825887744
1799,335,kregger,1,335,621430450825887744
1800,85,MariosInTheRye,1,85,621430450825887744
1801,108,TaniaArellanoE,4,432,621430450825887744
1802,39,apriltomay0405,1,39,621430450825887744
1803,649,EdwardIwata,1,649,621430450825887744
1804,52,milosjanda,1,52,621430450825887744
1805,1569,nunovargas,2,3138,621430450825887744
1806,216,natcat89,4,864,621430450825887744
1807,315,LuisL,1,315,621430450825887744
1808,2662,whitbylibrary,1,2662,621430450825887744
1809,1981,blueocean5454,1,1981,621430450825887744
1810,67,ondrej_zdych,1,67,621430450825887744
1811,237,ninabweinstein,16,3792,621430450825887744
1812,1300,seth_prince,1,1300,621430450825887744
1813,200,CamSabadoz,1,200,621430450825887744
1814,583,BJ_Roche,1,583,621430450825887744
1815,318,TwindollCrystal,3,954,621430450825887744
1816,157,Shervin_MT,1,157,621430450825887744
1817,367,MOJR__,3,1101,621430450825887744
1818,141,massfindings,1,141,621430450825887744
1819,215,JennaNichelle94,10,2150,621430450825887744
1820,862,tristanlofting,0,0,621430450825887744
1821,175,Rodz_Andres,2,350,621430450825887744
1822,363,OlavSylthe,6,2178,621430450825887744
1823,287,shortpplfedup,0,0,621430450825887744
1824,1476,jzertu,3,4428,621430450825887744
